ID,translated,source-language,sentence,context,full-ratings,mean-ratings
10037,1,es,"in its document entitled ""ethics of the economy '(1999) which addresses issues such as equality, justice and useful.",,"4,2,2,3,3,2,3,2,4,4,2",2.8181818181818183
10213,0,en,stokes started his time at bramall lane as a first team regular but was soon dropped to the bench and returned to sunderland having made twelve appearances but failed to score a goal.,,"4,4,4,3,4,4,4,4,4,3,4,4,4,4,3",3.8
10286,1,cs,"as a result, it is used in cosmetics perfumery and for his maintain, and in flavorings say, apple and pear flavors.",,"2,2,1,2,1,1,1,1,1,2,1,2,2,1,1",1.4
10332,1,cs,"the fact that in the period garnett 24 games in atlanta, including the election results 17 directly games of 24 november 28, in december 2005.",,"1,1,1,1,1,1,1,1,1,1,1,1,1,1",1.0
1037,1,es,"in 1988, abdul ahad mohmand became the first afghan to reach space, the expenditure nine days on the mir space station.",,"3,2,3,3,3,3,3,4,3,3,3,3,2,4,2,4,4",3.0588235294117645
10373,1,es,during this time has been transformed into a school two-year four-year a college with a masters course programme.,,"3,2,2,3,2,3,3,1,1,2,2,3,2,2,2",2.2
10424,1,es,the actor can interact with the clouds while flying horizontally.,,"3,4,4,4,4,4,3,4,4,4,4,3,4,4,4,4,4",3.823529411764706
10448,0,en,she resigned from the idf in august 1983 to marry and finish her law studies.,,"4,4,4,4,4,4,4,4,4,4,4,4,4,4,4,4",4.0
10508,0,en,"later additional burials and cremations were cut into the barrow, and it was enlarged twice.",,"4,3,4,4,4,3,4,4,4,3,4,4,3,3,3,3.0",3.5625
10655,1,cs,"the dissipating the remnants of patsy continue eastwards across gulf during on 11 august, crossing back to mainland china and died over land, in august 12.",,"4,2,1,2,4,4,3,2,3,1,3,4",2.75
10689,1,es,the strong winds karen eur 250 million in damage caused dollars dollars) (1962 and 11 deaths.,,"1,1,3,1,1,1,1,1,2,1,2,1,3,1,1,2",1.4375
10697,0,en,"in march 2009 prosecutors in a philadelphia drug dealing case named buckhalter as a celebrity client of the alleged dealer, styles n. beckles.",,"4,3,3,2,4,3,3,4,4,4,4,4,2,2,4,4,3",3.3529411764705883
1074,1,de,"in addition to the alkali metal amide salt and solvated electrons, ammonia solutions include the alkali metal cation (m +), the neutral alkali metal nuclear (m), diatomic alkali metal compounds (m2) and alkali metal anions (m -).",,"4,3,4,4,3,4,3,3,3,4,4,4,4,3,4,3,3",3.5294117647058822
1075,1,cs,"to use as a basis, butyllithiums are often used and are commercially available.",,"4,4,4,4,3,4,4,3,3,4,4,2,4,4,4,2,4",3.588235294117647
10836,1,es,the southern agreement to be brought before the people on an impressive stone viaduct which is highest (one of several such structures in the map).,,"4,2,3,3,3,2,4,2,2,3,2,4,3,3",2.857142857142857
10844,1,de,"in a week 12 game against the new england patriots, reed mentioned the describe as the security position if sean considine and quintin mikell not because of violations.",,"1,1,2,1,2,2,1,3,1,2,1,1,1,2,2,2,1,2",1.5555555555555556
10860,1,cs,"in september 15, carmen achieved landfall in southern china and dispelled the following day.",,"4,3,3,4,4,3,2,4,3,4,3,4,4,4,4",3.533333333333333
10894,1,fr,"on the basis of 'memories of 2', the main series of gambling offers the possibility of multiple endings for each of the heroines.",,"3,4,2,3,3,2,4,4,3,3,2,4,3,3,2,4,4",3.1176470588235294
1090,1,fr,"no attempt of synthesis were made for any of metals chlor-alkali as unhexpentium, due to the large number of nuclear.",,"4,2,4,2,3,2,3,4,2,1,1,3,1,1,4,4,1,4,2,2",2.5
10907,1,de,"it is also in the media, feng shui, different cultures and different trading venues and green dragon and avalon dragon.",,"2,1,1,2,2,3,1,2,3,1,1,1,2,3,3",1.8666666666666667
110,1,de,"in 2010, per capita income for the state of dollars 22,984.",,"2,1,2,1,3,2,2,3,3,2,1,2,1,1,2,1",1.8125
11029,0,en,"it took the combined weight of mercury, may and taylor to persuade him.",,"4,4,4,4,4,4,4,4,4,4,4,4,4,4,4",4.0
1105,1,fr,"a third type, called abugida or alphasyllabary, where vowels have shown by diacritics or changes to basis consonantal letters, as devanagari and other south asian paperwork.",,"4,2,2,2,3,2,1,3,1,3,2,4",2.4166666666666665
11168,1,es,the three plead before.,,"4,3,3,1,2,3,3,1,1,2,1,3,2,2,1,3,3,1,1",2.1052631578947367
11183,0,en,"the government is responsible only to parliament, specifically the people ’ s assembly.",,"4,4,4,4,3,3,4,3,4,4,3,4,4,4,3,3",3.625
11413,1,de,"well-known american and italian artists in the 20th century, also in the collection.",,"3,3,3,3,3,2,2,3,3,3",2.8
11570,1,es,appear (the time bad that monarch was transformed into) aimed at the whole team titans attacking the heroes who were trying to undo this time of crisis.,,"2,2,2,1,1,2,2,1,2,1,1,1,2,1,2,3",1.625
11579,1,es,some of the houses are on holiday allows.,,"1,2,2,1,2,1,3,1,2,1,1,1,2,2,3,3,2",1.7647058823529411
11591,1,es,in the south of the a1067 is bawdeswell garage.,,"1,4,3,1,1,3,3,3,4,4,4,1,3,3,2,3,1,1",2.5
1173,1,fr,"at the end of 1978, it has also written writing 'sardor' with the writer aleksandr misharin.",,"2,2,2,2,2,3,1,3,3,1",2.1
11808,1,fr,"60-60 related to the end of the regulation and 73-73 at the end of the first overtime, it was cairns which has prevailed 85-81 to send the last number one third and decide game.",,"4,3,2,3,3,3,2,3,1,3,1,1,2,4,3,4,4,4",2.7777777777777777
11894,0,en,"nevertheless the cooler component (gamma2) is more massive than gamma1 and according to the hierarchy of masses and brightness, gamma2 should be the primary star of the system.",,"4,3,4,4,4,4,4,4,4,4",3.9
11895,1,cs,macey serves the academic advisory committee (comitato scientifico) associazione disiano preite for the study of company law (on lo studio del diritto dell ’ impresa).,,"4,2,3,1,3,3,2,1,1,1,3,3,3,1,4,2",2.3125
12056,1,de,"later handley, in the first concert in london, the symphony orchestra of morley college.",,"1,2,1,2,2,2,1,1,1,2,1,2,2,3,3,3,1,1",1.7222222222222223
12112,1,cs,"the conducted extensive holidays in mexico, the netherlands, germany and spain for nearly three years.",,"3,3,2,3,2,2,1,2,3,3,2,1,1,2,3,2,2,2",2.1666666666666665
1214,1,fr,"recent studies have shown that the aardwolf probably for the whole of the family hyena right from the start, but how early is still unclear that fossil fuels and studies agreement of 10 million years.",,"1,1,2,2,2,1,2,2,1,1,1,1,1,1,2",1.4
12165,0,en,"here, they recorded the more widely heard a-side.",,"1,1,2,3,3,4,4,4,4,4,4,4",3.1666666666666665
12302,1,fr,"finally, petraeus pleaded guilty to a misdemeanor accusations of mismanagement classified information.",,"4,2,4,3,3,3,3,4,4,4,3,2,2,4,4,4,3",3.2941176470588234
12359,1,cs,"previously, local time was intended astronomical comments in hong kong observatory through 6-inch lee equatorial and 3-inch transit circle.",,"1,2,3,2,1,3,2,1,1,1,2,1,1,2,3,1",1.6875
12388,1,cs,universities is known for its prestige programme pharmacies.,,"2,3,3,3,3,2,1,3,1,1,3,3,2,3,2,2,1",2.235294117647059
1242,1,fr,"while the urban towns were more technologically advanced and socially, in many cases, they could do little to a military aspect to defend against the rise of hordes of the steppe.",,"3,3,3,3,3,3,3,3,3,4,3,3,3,3,3,4,2,2",3.0
12458,1,de,"the use of egyptologists controversial, but the situation of these reservoirs under the sun, proposes ritual practices which shed some light on the role of this monument.",,"1,2,3,2,3,3,3,3,3,1,3,4,3,2,2",2.533333333333333
12627,1,de,"he complained to church but not spent, and their time helmets, drinking water, singing and dancing, after pagan rituals.",,"1,1,1,1,1,1,1,1,1,1,1,1,1,1.0",1.0
12658,1,de,"on 22 november 545, pope vigilius celebrated the feast of the holy in the church, if the emissary of empress theodora, anthemius scribo, arrested.",,"2,2,2,1,1,1,1,1,1,1,1,2,2,1,2,1",1.375
12703,1,es,"when katie discovers declan had ceased its horses of the stables and on the people who get gordon adam help round of new and apology for the use of him, but its forgives and shows that do not mind as he has drawn to it.",,"2,1,1,1,2,1,1,3,1,2,1,3",1.5833333333333333
12889,0,en,he was the father of major league coach dom chiti.,,"4,4,4,4,4,4,4,4,4,4,4,4,4,4,4,4,4",4.0
12895,1,cs,cohesion is thought bernays indicate that the existence of measurable cardinal.,,"3,2,1,1,1,1,2,3,2,1,1,1,1,2,3,2,3,1,1",1.6842105263157894
1290,1,de,"although the historian, in general, of the opinion that the article too weak, the fast-growing nation, you, the solution to the question of how the member states voluntarily in your country national control.",,"1,1,1,1,1,1,1,1,2,2,1,1,1,1,1,1,1",1.1176470588235294
12957,0,en,"the powers whiskey sponsorship is backed up by the irish branch of pernod ricard, a sponsorship existing since 1960 and the longest sponsorship in irish racing.",,"3,4,4,4,4,4,4,4,4,3,4,3,4,4,4,4,4",3.823529411764706
12981,1,de,"jelly roll morton also said, written level, based on the jazzed version of the old french quadrille.",,"2,1,2,1,2,1,2,3,1,1,2,1,3,1,2,2,1",1.6470588235294117
13021,1,es,now serves as john franklin science centre.,,"4,4,3,3,2,3,1,1,4,4,3,3,4,4,3,2,1,2",2.8333333333333335
13041,0,en,the supreme court of arizona upheld the argument.,,"4,4,4,4,4,4,4,4,4,4,4,4,4,4,4,4,4,4,4",4.0
13043,1,de,this j. j. winckelmann tucked away.,,"4,3,1,1,3,3,3,2,2,1,1,1,4,2,2,1,3",2.176470588235294
13084,1,es,"maui survives the volcano and the islanders send through the 'test maui duckhood', that is, to win the confidence of the native people.",,"3,3,2,4,3,2,2,3,4,3,1,2,3,1,3,2,3",2.588235294117647
13128,0,en,they are the largest youth employer in kugluktuk.,,"4,4,4,4,4,4,4,4,4,4,4,4,4,4,4,4,4",4.0
13167,1,es,"mathis played with aeroplanes until 1994, starting with two games and make four touchdowns total.",,"3,4,3,2,3,1,2,1,1,1,2,2,2,2,3,1,4,4",2.2777777777777777
13188,1,es,asch worked as director of the cva until his death in 1994.,,"4,4,4,4,4,4,4,4,4,4,4,4,4,4,4,4",4.0
13310,1,es,the district lies in the southwestern corner of madhya pradesh; the narmada river forms its northern border.,,"4,4,4,4,4,4,4,3,4,4,4,4,3,3,4,4,4,4,3",3.789473684210526
13390,1,fr,following the reorganisation of the States on 1 november 1956,,"4,4,2,4,4,4,2,3,3,4,3,4,4,3,4,2,4",3.411764705882353
13403,0,en,the most common language is malvi (rajasthani and hindi mixed).,,"4,4,4,4,4,4,4,4,4,4,4,4,4,4,4",4.0
13423,1,fr,the region is part of ujjain division.,,"4,4,3,3,3,4,4,3,3,4,3,4,4,4,3,4,4,3",3.5555555555555554
13482,1,es,pluralism is quite inaccurate and is in fact only one building.,,"4,4,3,3,4,4,3,3,1,2,1,1,1,3,4,2,3,4",2.7777777777777777
13541,1,cs,"the divisional level, divisional the development committee chaired by the prefect and violated mayors, representatives and private individuals.",,"1,1,1,1,1,1,1,1,3,1,1,1,1,1,2,1",1.1875
13621,1,de,a local authority only belong to a common authority.,,"4,4,3,3,3,3,1,2,3,1,2,3,3,3,2,3,2,1,2",2.526315789473684
13716,1,cs,this leads to gemmler retroactive payments.,,"4,4,3,2,2,4,4,3,2,1,1,3,2,4,4,3",2.875
13907,1,es,your proposal for a court of rooms in ireland was accepted and became its first master.,,"4,2,4,4,2,3,2,2,1,2,3,3,3,4,3,4,2",2.823529411764706
14000,1,es,this work has been subject to speak in the seminar bourbaki.,,"3,3,3,4,2,2,2,3,3,1,2,1,2,4,2,2,2",2.411764705882353
14034,1,de,the hairy-eared dwarf lemur ('allocebus trichotis') was only five museum specimens known in the late nineteenth century and 1965.,,"4,3,4,4,2,3,2,3,3,2,3,2,3,3,4,4,4",3.1176470588235294
14066,0,en,"in the same year, his mother and his wife, berenguela (berengaria), witnessed its foundation charter.",,"4,3,4,4,4,3,3,3,4,4,4,3,4,4,4,4,3",3.6470588235294117
14088,1,de,"however, it was claimed that the office is named for col. henry.",,"4,4,4,4,4,3,3,3,4,3,4,3,4,4,4,4,3.0",3.6470588235294117
14093,0,en,the area includes land enclosed by sea dikes with fringing marshes.,,"4,4,4,4,3,4,4,4,3,4,4,4,4,3,4,4,4,3,4,4",3.8
14126,1,cs,"then contribute to its vocals' fair lady ', one of the tracks in the lee seung-hwan the 20th anniversary of the hwantastic album' friends'.",,"2,2,4,2,1,2,3,3,1,1,1,1,1,2,4,4,4,2",2.2222222222222223
1413,1,de,"calgary, a 56% a white christmas, while edmonton has an 86%.",,"2,2,1,1,1,2,3,1,3,1,2,2,1,3,1,2,3,1",1.7777777777777777
14160,0,en,"the semi-arid coastal areas of southern vietnam are the most arid in vietnam, so the vegetation also has high value as a source of germ plasm for restoring other areas that become drier or are affected by sea level rises due to climate change.",,"4,4,4,4,3,4,4,3,3,4,4,3,4,4,4,3,3,3",3.611111111111111
14250,1,fr,"agesander of rhodes, with two other rhodian sculptors, shared the famous' group laocoön ', vatican museums and the sculptures rediscovered to sperlonga in the villa of tiberius, probably at the beginning of the period imperial.",,"3,3,2,3,2,2,2,3,3,1,1,3,2,1,2,1",2.125
14279,1,cs,"there are significant differences in the number of suicides, year after year, between the indian cities.",,"4,4,4,4,4,4,4,4,4,4,4,4,4,4,4,4",4.0
14290,1,es,it was also a member of the council of 1993 to 1995 and other councils at local and regional level.,,"4,3,4,3,4,3,3,4,3,3,4,4,3,4,4,4",3.5625
14299,1,fr,"in january 2010 choi concluded with a new agency mcloud entertainment and has announced plans on the march 2 to resume activities in the first half of the year, but its approach to return to his stress and increasingly frustrated that it had not throw itself into any tv series.",,"2,3,2,3,2,1,2,3,1,1,3,2,1,2,3,2,2",2.0588235294117645
14332,1,de,"its implementation will lead to further overloading of the social and psychological staff (and, together with the cf. administration), the amount of work already, as the main objective of this service “voluntary-compulsory ” associations of convicted, based on common interests, to resolve the everyday problems through self-governance.",,"2,4,2,2,2,2,4,3,1,4,3,2,1,1,4,4,2,4",2.611111111111111
14351,1,es,"and, to judge by the information provided by the release spsu, the agency does not intend to comply cpc of ukraine in relation to the decision of the court.",,"3,4,2,3,3,3,3,4,2,3,1,1,3,1,4,4,2",2.7058823529411766
14391,0,en,"in 2010, they had a sold-out run in london, england where they became the highest-selling act ever to play the soho theatre.",,"4,4,4,4,4,4,4,4,4,4,4,4,4,4,4,4",4.0
14424,1,cs,"they are two eggs, and dragons is adopted.",,"2,1,1,2,2,1,1,1,2,1,1,1,2,1,1,2",1.375
14455,1,es,"lord elwyn-jones also expressed that if a crime could be undertaken recklessly, was one of the intentions.",,"1,4,3,3,3,2,3,3,3,1,3,3,1,1,4,4,1,4",2.611111111111111
14470,1,de,"he said that the stairs and lifting ""orbit 'less more clearly than the previous kapoor function successfully, but ultimately he said' difficult to see what the big idea, the idea of a great thing. '",,"2,2,1,1,2,2,1,1,2,1,1,1,1,2,2,1,1",1.411764705882353
14478,0,en,"the romanesque house at 166 has a finely detailed corbelled brick cornice with its date of construction, 1883, in cast iron letters below.",,"4,4,4,3,4,4,3,4,4,4,4,4,4,4,4",3.8666666666666667
14546,1,fr,"hermann begemann was captured by Soviet troops after the battle of stalingrad, it has been up in 1948.",,"3,3,3,3,2,3,3,2,2,3,2,2,3,4,2,3,3",2.7058823529411766
14634,0,en,"he was transferred back to the infantry for two years from 1893, before returning to the ecole.",,"4,4,4,3,3,4,3,4,3,4,4,4,4,3,4,4,3",3.6470588235294117
14742,1,fr,its multi-gym has a wide range of a modern equipment installed.,,"4,3,4,4,4,4,4,4,3,4,4,3,4,4,4,4",3.8125
14753,0,en,"and she was an active member of the kentucky medical association, the jefferson county medical society, and the tri-county medical society.",,"4,4,4,4,4,4,4,4,4,4,4,4,4,4,4,4,4",4.0
1477,0,en,"einstein once wrote: ""i do not believe in a personal god and i have never denied this but expressed it clearly"".",,"4,3,4,3,3,4,3,3,3,4,4,4,4,3,4,4,4,4,3,3",3.55
14791,1,de,representatives of mr mitchell ashley (r-ohio) if legislation proposed that the organisation of the territory was adopted by the congress of the united states in 1864.,,"2,3,3,3,1,4,3,2,2,4,1,2,1,1,4,4,2",2.4705882352941178
14856,0,en,"the first ten cars were flagged away at the start by the first minister of scotland, rt hon alex salmond and sir jackie stewart.",,"4,3,3,4,3,3,4,2,4,4,3,4,3,3,4,2,3",3.2941176470588234
14922,1,de,tuhus was in the norwegian ministry broadcasting corporation nrk drama 'between 1994 and 2000.,,"4,2,2,3,3,4,4,3,4,4,4,2,4,2,1,4,2,4,1,3",3.0
14982,0,en,"as of the 2010 census, its population is 306.comfort is the home of sherman elementary school.",,"3,2,2,1,4,2,4,1,1,4,3,3,1,2,1",2.2666666666666666
14994,1,fr,"they are all masterworks, all of which have been innovative in their time, but they are not a particular style.",,"3,4,3,4,3,3,4,4,4,3,4,4,4,4,4,3",3.625
1506,1,de,the institution of slavery was abolished in 1923.,,"4,4,4,4,4,4,4,4,4,4,4,4,4,4,4,4,4,4",4.0
1606,1,de,the international service broadcasts of radio programmes in albanian and seven other languages on medium wave (i) and wave (sw).,,"4,4,4,3,3,4,3,3,3,4,4",3.5454545454545454
1687,1,de,"at that time, ueshiba on its martial arts as' aiki budō '.",,"1,2,1,1,2,2,1,3,2,1,1,1,1,1,2,2",1.5
1701,1,cs,"works of art, can be specifically for this purpose or interpreted on the basis of the images or objects.",,"4,3,3,4,4,3,4,3,4,2,4,4,3,4,3.0",3.466666666666667
1791,1,cs,"for the british, war, has now become much more complicated.",,"4,4,4,4,4,4,3,3,4,4,3,3,4,4,3",3.6666666666666665
1855,1,de,"now the elegant 'computes example-numbers faster, whether for every a, b and research, this is always the case require a detailed analysis.",,"3,1,1,1,2,1,3,1,1,1,1,2,3,1,1",1.5333333333333334
1861,1,es,"but i assume that could be done absolutely everything that can be expected of any logic rational machine. """,,"2,2,2,3,2,2,3,1,2,2,2,2,2,2,2,3,1",2.0588235294117645
1892,1,fr,"when the thessalians realised the order of the day, they are alexander in their back and rapid cancellation, adding their alexander cavalry charge of force.",,"2,2,1,1,1,1,1,1,2,1,1,1,1,3,1,1",1.3125
2011,1,fr,"his name is derived from the arabic word for 'lamb' or 'head of the ram' ('sick al-hamal'), which references aries mythological of substance.",,"4,3,4,4,3,3,3,4,4,3,3,4,4,4,3,4",3.5625
2263,1,cs,"in recent years, politicians actively discourage against campaign in minority languages.",,"4,3,3,4,3,3,3,3,3,4,4,4,4,3,4,3",3.4375
2289,1,es,"at the time, a total of 15 municipalities have created.",,"2,2,3,3,3,3,2,3,2,2,2,3,3,3,3,2,2,2,3",2.526315789473684
2314,1,de,it is not clear how the shortcomings in the idle-stabilization system.,,"2,2,3,2,3,1,2,2,3,3,3,1,2,2,3,2,2",2.235294117647059
2332,1,de,"audi also developed good branding instruments of certain instruments, solid issues, rhythm and it all sounds the audi solid character.",,"2,3,2,2,2,1,3,1,2,1,2,1,2,2,1",1.8
2350,1,es,"also on their behalf survive modern-day companies such as dynamit the nobel prize and akzonobel, which are descendants of mergers with companies.",,"4,1,1,2,3,3,3,3,4,2,3,4,2,1,2,4,3,1,2",2.526315789473684
2387,1,cs,"in its recent, and some of its most productive age, bell division between his residence in washington d.c., where he and his family originally her for most of the year and beinn bhreagh are spent more time.",,"1,3,1,2,2,2,1,2,1,1,1,3,1,2,1,1",1.5625
2498,1,de,the governor of the state of massachusetts had collectively on the next day south trains.,,"2,2,3,2,2,1,1,1,3,1,1,1,3,2,2,2,1",1.7647058823529411
2515,1,es,"mcclellan and read fought in the battle of antietam near sharpsburg, maryland, 17 september, 1862, the bloodiest single day at the united states military history.",,"4,4,4,4,3,3,4,3,4,3,3,4,3,3,3,4,3",3.4705882352941178
255,1,fr,"secondly, any sensory experience that comes when someone is asleep and is perceived by the person then asleep is not eligible under a dream.",,"4,2,4,2,3,4,3,3,2,3,3,4,3,4,3,2.0",3.0625
2589,1,es,"after the mid-1960s, became much less rich, but its work later — among its last two epics', kagemusha '(1980) and' addressed '(1985) — continued to win awards, including the' kagemusha ', although more often abroad that in japan.",,"3,1,2,3,3,1,2,3,3,1,1,2,2,2,3,2",2.125
2735,0,en,"however, on 10 february 1973, the song came third in melodifestivalen; thus it never reached the eurovision song contest itself.",,"4,4,3,3,3,4,4,4,3,4,4,4,3,4,4,4,3",3.6470588235294117
2759,1,fr,for the album agnetha recorded duets with his son and with a chorus of children.,,"4,3,4,3,2,2,3,3,4,3,4,3,4,3,2,3",3.125
2767,1,fr,"for me, however, were certified by the music industry association of america for the sale of over a million copies of all.",,"1,2,2,2,3,1,1,2,1,1,2,1,3,3,1,2",1.75
2768,1,cs,"emigration to the uncivilized country leaves intact the british nationality: a right for all states to deal with their authority their issues, so that emigration is one of the usual and recognised by colonial enlargement.",,"2,3,1,3,2,3,3,1,2,1,4,1,4,2,2,3,4,2,2",2.3684210526315788
289,1,fr,"the more monitored ceremony based on ratings nielsen until now, however, the Academy 42nd distinctions (better scoreboard 'midnight cowboys'), which has attracted a 43.4% of households rating on 7 april 1970.",,"2,2,1,1,1,2,1,1,3,1,2,1,2,1,3,2",1.625
2923,1,cs,"the least stable is astatine-214m1; its half-life from 265 nanoseconds is shorter than all the states, in addition to that of the astatine-213.",,"4,4,3,4,4,3,4,4,3,3,3,3,3,4,4,2,2",3.3529411764705883
301,1,es,the majority of the clocks are caesium watches; the definition of whether the second is written in terms of caesium.,,"3,3,3,3,2,3,3,3,3,3,2,3,4,3,2",2.8666666666666667
310,1,cs,"however, when volunteers generously places the interests other than their own, charitable donations, further brain circulation was selectively activated: subgenual cortex / septal region.",,"3,3,1,3,1,3,2,4,2,1,2,1,2,4,1,3,1,2",2.1666666666666665
3184,1,es,these deficits were less serious than the seen similar of children with a diagnosis multiple sclerosis.,,"2,2,2,2,3,3,1,1,1,1,2,2,3,2,3,2,2,2",2.0
3194,1,cs,they can also hold the key to the pathogenesis.,,"3,4,4,4,3,4,4,4,4,4,4,4,3,4,4,4,4",3.823529411764706
3242,1,de,high-water in streams and rivers peak in june and july in the snow on the high altitudes.,,"2,4,3,2,2,3,3,2,3,4,2,3,3,4,3,4,3",2.9411764705882355
3255,0,en,the 16th century switzerland was well-established as a separate state.,,"3,4,4,4,4,3,3,3,3,3,3,4,4,4,4,4,4",3.588235294117647
3320,1,de,"this issue was largely by the time the christie in the middle east, where it consistently religious temple and spiritual history of the cities that, during the gulf mallowan archaeological work.",,"2,1,1,1,2,1,2,1,1,1,1,1,2,1,1",1.2666666666666666
3349,1,de,the tension or the current was a 'analogue' of the sound.,,"3,1,3,4,3,3,4,3,3,4,2,4,2,3,2,2,3,2,3,1",2.75
3541,1,es,"in january 1937, has returned to lambaréné and continue to work there during the second world war.",,"2,3,3,3,3,3,2,2,2,3,3,2,2",2.5384615384615383
3571,0,en,"if the abscess does not heal only with incision and drainage, or if the abscess is in a place that is difficult to drain such as the face, hands, or genitals, then antibiotics may be indicated.",,"4,4,4,4,4,3,2,3,4,4,2,4,4,4,4,4,2",3.5294117647058822
3667,1,cs,"the majority of almonds were to export as shelled almonds (70%), with the rest either unshelled or processed.",,"4,4,3,3,3,4,3,2,4,3,4,4,3,4,3,4,4,2,2",3.3157894736842106
3738,0,en,"during the war, the azeri armed forces were also aided by turkish military advisers, and russian, ukrainian, chechen and afghan mercenaries.",,"4,4,4,4,4,4,4,4,4,4,4,4,4,4,4",4.0
3763,1,cs,"the vast majority of energy produced with imported fuels, including gas and nuclear fuel from russia (for their nuclear plants.)",,"3,3,3,3,3,3,4,4,4,4,4,3,3,4,3,4,4",3.4705882352941178
386,0,en,algeria has the second largest military in north africa with the largest defence budget in africa ($10 billion).,,"4,4,4,4,4,3,4,3,3,4,4,4,4,4,4,4,4,4,3",3.789473684210526
3880,1,de,"it analyses language in the framework of the anthropology, biology, development, geography, history, neurology, psychological and sociological.",,"4,3,3,4,4,3,3,2,3,4,3,2,3,4,4,2,3",3.176470588235294
3892,1,fr,"however, spalding was known aggrandise its role in the great moments baseball.",,"3,1,2,2,2,2,2,1,1,1,2,1,3,2,1,2",1.75
3954,1,de,gawler pointed out and governor grey in 1841.,,"2,2,1,2,1,1,1,1,2,1,1,1,1,2",1.3571428571428572
4091,0,en,"while this may seem trivial, it was symptomatic of an attempt by people manually reproducing academic texts to reduce the copy time.",,"4,4,3,3,4,3,3,4,4,4,3,4,4,4,4,4",3.6875
4116,1,fr,"in 2002, a survey bbc classified as seventy-third more briton of all the time.",,"1,2,3,1,1,1,1,1,1,1,2,1,1,1,2,1,2",1.3529411764705883
414,0,en,when slavery was abolished in france in 1848 the société was abandoned.,,"4,4,4,4,4,3,3,4,3,4,4,4,4,4,4,3,4,4",3.7777777777777777
4200,1,cs,"athena is known for its calm temperament, how slowly anger.",,"2,1,3,2,1,2,3,1,2,2,3,3,2,2,1",2.0
4270,1,es,"the free movement owes much to the increasing sophistication of society, marked by political stability, economic growth and cosmopolitanism.",,"4,4,4,4,4,4,4,4,4,4,4,4,4,4,4,4",4.0
4364,1,fr,the orbitals associated with a particular value are sometimes collectively called a 'subshell'.,,"4,4,4,4,4,4,4,4,4,4,4,4,4,4,4,4,4,4",4.0
4372,1,fr,the fifth and final d-orbital consists of three parts: a density of high probability torus with two pear-shaped regions placed symmetrical on its axis z.,,"4,4,4,4,3,3,3,3,4,3,4,4,3,4,4,4,4,3",3.611111111111111
4431,1,cs,"built from approximately half a million animals welsh slate, by stephen kettle sculpted commissioned by the american billionaire sidney honest.",,"2,2,2,3,2,1,1,2,3,2,1,1,1,2,3,2,3,2",1.9444444444444444
4466,1,fr,"historian heinrich zimmer writing that 'as britain was part of the novel empire, if the british church formed (in the fourth century) a branch of the Catholic Church in the west and in the whole of this century, the Board of arles (316) Yes, has participated in all the procedures relating to the church.'",,"3,3,3,3,1,2,2,3,2,1,1,1,2,3,2,2",2.125
4504,1,de,the society for spreading the gospel in other parts (spg) in 1701 and the church mission society (cms) in 1799.,,"4,3,3,3,4,2,3,3,3,3,4",3.1818181818181817
4724,1,es,"although may be primus was found guilty, some juries voted to acquit, which means that not everybody believed augustus, evidence, is an insult to the 'august one'.",,"4,2,2,2,1,2,3,3,3,1,1,1,2,3,2,3,2,3,4,1",2.25
4751,1,fr,"two of havilland double otters, have sent calgary with a back-up.",,"2,1,2,3,2,1,1,1,1,2,1,1,3,2,3,2,1",1.7058823529411764
4854,1,fr,"studies have shown that the high levels of pahs, for example, are cooked meat at high temperatures as its or barbecuing, and in the smoked fish.",,"4,2,3,2,2,1,2,3,3,3,2,3,2,4,4,1",2.5625
4872,1,de,"the extension of the longitudinal dimensions, there is not far away.",,"1,2,2,1,2,1,1,2,1,1,1,1,2,2,2,1",1.4375
4989,1,cs,"every dentary (tooth-bearing bone of lower jaw) between 14 and 17 teeth, with an average rely on 16.",,"2,1,2,3,3,2,2,3,1,2,2,1,3,3,2,2",2.125
5011,1,fr,"in 1949, the ak-47 was officially accepted by the Soviet armed forces and used by the majority of the Member States of the pact warsaw.",,"4,4,3,4,3,3,4,4,4,4,4,4,3,3,4,3,3,4",3.611111111111111
5031,1,fr,"every door was a vacuum inverting eulogies increase, preceded by a contribution resistor divider network defined the logic function.",,"1,1,2,1,1,2,2,1,1,1,2,2,2,1,1",1.4
5061,1,de,"their influence it is relatively easy to move and, but its design is not very compact, and perhaps it is difficult, stow collapses, if a model used.",,"1,3,1,1,1,1,1,1,1,3,1,1,1,1,1,2,1",1.2941176470588236
5089,1,de,if the museum for consideration.,,"2,2,2,2,2,1,1,1,1,1,1,2,2,2,1,1",1.5
5230,1,fr,"after this, men devoted their lives to the war to retire at the age of 60.",,"2,4,3,4,4,4,4,3,4,4,4,2,2,2,3,3,4,3,4",3.3157894736842106
5240,1,es,great britain recruited council and hanovrian troops until the end of the eighteenth century.,,"3,4,3,4,4,3,4,4,4,3,3,4,3,3,4,4,4,4",3.611111111111111
5259,1,cs,the teachings william ellery channing a few years earlier have also been laid the foundations for the work of the most concord transcendentalists.,,"3,2,2,4,3,2,2,3,4,1,1,1,1,2,4,1,2",2.235294117647059
5346,1,fr,"on the other hand, some historians have speculated that charlemagne against the formal marriage for girls in a bid to political rivalry of their husbands; none of charlemagne girls are married, despite the policy offers forced marriages.",,"4,3,2,3,2,3,3,2,2,3,2,1,2,2,4,4,1",2.5294117647058822
5353,1,cs,"many amines is produced from aldehydes and ketones through a simplified amination, which can either continue catalytically or stoichiometrically.",,"4,3,2,4,3,4,3,3,3,3,4,3,3,4,2,2,3",3.1176470588235294
5430,1,cs,this has brought the desired effect at the heart of young aristocrats in the royal city (2 samuel 15: 1).,,"4,3,3,2,4,2,4,4,4,3,4,2,2,4,3,3,3,4",3.2222222222222223
5456,0,en,"the water and leaves, however, required changing after seven or eight days, and the leather needed to be turned over daily.",,"4,4,4,4,4,4,4,4,4,4,4,4,4,4",4.0
5476,1,fr,"this is a sentence tourists who simply want to make on the beach, but the government declares that it is difficult to stamp out, because there is a lot of unemployment and poverty.",,"2,3,3,2,4,2,1,2,1,3,1,3",2.25
5510,1,fr,the reduction in the maximum 'work' (which includes the large two figures) is a function which has the largest group (vehicle) figures.,,"3,3,4,3,2,3,3,2,3,4,3,4,2,4",3.0714285714285716
5582,1,de,"the last occupation skylab, on 8 february, in 1974, and the sender even re-entered the atmosphere in 1979, through which the oldest operational apollo-saturn component.",,"2,1,2,1,2,2,2,1,2,1,1,1,1,3,3,2,1",1.6470588235294117
5654,1,fr,"the work as a group date of 1891 in new southern and south wales australia, followed by queensland and, later, the settlements.",,"3,4,2,2,1,2,3,3,2,1,3,2,3,3,1",2.3333333333333335
5718,1,fr,it also maintains a botanical garden (the botanischer garten aachen).,,"4,4,4,4,4,4,4,4,4,4,4,4,4,4,4,4",4.0
5727,1,cs,"this is who model list of essential medicines, the medicines needed to basic health system.",,"4,2,2,1,4,1,1,1,4,1,1",2.0
5783,0,en,"bride and bridegroom respectively ate half of the rice served in a bowl, and other participants were entertained.",,"4,4,3,3,4,3,4,4,4,4,3,4,4,3,3,4,4,4",3.6666666666666665
5786,1,es,as well as being qualified to marriage.,,"4,3,3,2,2,4,3,2,3,3,4",3.0
5871,1,fr,"whereas in india, hasan ali Shah continue its close relationship with the british and has even visited by the Prince of wales (the future King edward VIII) when he was on a state visit to india.",,"3,3,3,4,3,3,3,3,4,3,3,3,2,4,4,2,4",3.176470588235294
590,1,fr,"in the series season finale, he fought michael chang for the acura champions.",,"4,4,4,3,3,3,4,4,4,4,4,4,3,4,4,4",3.75
5944,1,de,in spite of the risk attacked the abdali quota of durrani rushed either to save the shah or to confirm what has happened.,,"2,3,2,1,1,3,1,2,1,1,1,1,2,3,2,1",1.6875
60,1,cs,the country is 0.3 or albedo.,,"1,3,3,1,4,2,3,1,1,1,4,1,1,2,2",2.0
6010,1,fr,"among the last of its labors is the defence of the orthodoxy of its former pupil, thomas aquinas, whose death in 1274 grieved albert (the history of betting in person to defend the lessons of aquinas may not be confirmed.)",,"3,2,3,3,2,2,3,3,4,4,4,2,3,2,4,4,3,3,4,2",3.0
6044,0,en,"it was only when faced with the danger of annihilation by the franks in 584 that the dukes elected a new king in the person of authari, son of cleph, who began the definitive consolidation and centralization of the lombard kingdom while the remaining imperial territories were reorganized under the control of an exarch in ravenna with the capacity to defend the country without the emperor's assistance.",,"4,4,4,3,3,3,3,3,3,4,4,4,3,4,4,4,3,4,3",3.526315789473684
6049,0,en,"a few days later, the king of ormuz was met by an envoy demanding the payment of tribute to shah ismail i from persia.",,"4,3,4,4,3,4,4,4,4,4,4,4,3,4,4,4",3.8125
6110,1,de,"certainly, ealdred is one of the leaders in the work, and it is likely that one of its population, the version.",,"1,1,2,1,1,2,1,1,1,1,1,1,1,1,1,2",1.1875
6172,1,es,their calls to western europe to help the turks were also the catalyst that has probably contributed to the convoking of the crusades.,,"4,3,4,4,4,4,4,4,3,4,3,3,3,4,4,3,4,4",3.6666666666666665
6220,0,en,"the primary crop was cotton, grown by enslaved workers.",,"4,4,4,4,4,4,4,4,4,4,4,4,4,4,4,4",4.0
6232,0,en,"the southern tribes included the choctaw, creek, chickasaw, seminole and the cherokee.",,"4,4,4,4,4,4,4,4,4,4,4,4,4,4,4,4,4,4",4.0
6301,1,cs,"johnson efsa with freedman presidency law in february 18, 1866, to the delight of the white south and started anger republican legislators.",,"3,2,2,1,3,1,1,1,1,3,1",1.7272727272727273
6311,1,cs,"the adverse results temporarily halt republican calls to impeach johnson, who was elated before the elections.",,"4,4,4,4,3,3,4,3,4,4,3,3,4,4,4,4",3.6875
6359,1,cs,while many ports have suffered a decline aberdeen is still busy because of the oil trade and influx of persons associated with industry and the consequent increase in property prices brought prosperity in this area.,,"3,4,3,4,3,4,3,3,4,4,4,3,3,4,4,4,4,3",3.5555555555555554
6421,1,es,such a small clashes with independent viking raiders would have happened during much of the period had for decades.,,"2,2,2,3,1,3,1,1,1,2,1,2,2,2,3,1,1",1.7647058823529411
6478,0,en,"it should also include a hospital complex, a care, centre, a hotel zone, an urban centre and a thermal spa with villas and apartments.",,"4,3,4,4,3,3,3,3,4,4,4,3,4,4,4,4,3",3.588235294117647
6518,1,de,"age can also on the basis of the nature of the calendar, as the lunar timetable, as birth data in leap years, or the method after birth date.",,"4,3,4,2,2,1,3,4,1,1,3,2,3,1,1",2.3333333333333335
6563,1,fr,"victoria met maria christina and alfonso in biarritz, france later this month, and turn to catholicism in san sebastián in motion.",,"3,2,2,2,2,1,2,1,3,1,1,1,2,4,2,3,4",2.1176470588235294
6564,1,fr,"as the marriage procession of new palace, he threw a bomb against a window which killed and injured several spectators and members of the procession.",,"3,4,3,3,4,4,3,2,3,2,2,3,4,4,3,3,3",3.1176470588235294
6575,0,en,"in 1123, he besieged and took lleida, which was in the hands of the count of barcelona.",,"4,4,4,4,4,4,4,4,4,4,4,4,4,4,4,4,4",4.0
6587,1,cs,the plant is a core borer parasite lily brithys crini and / or diaphone eumela.,,"2,4,4,3,3,4,1,2,3,1,1,3,2,4,2,3,2",2.588235294117647
6605,1,es,"the acropolis, the temple of aphrodite, the market, the city ’ the walls, the church and the port were digging.",,"1,2,3,1,2,2,1,2,3,1",1.8
6616,1,es,"during this time, women have not only had to defend itself, but to reproduce, and this may be the source of the idea that amazons covered once a year with its neighbours, if herodotus really based their accounts in reality.",,"2,2,2,3,2,2,2,2,1,1,1,1,3,1,2,3.0",1.875
6733,1,cs,their cruelty is denounced by the prophet amos,,"4,4,4,4,4,4,4,4,4,4,3,4,4,4,4,4,4",3.9411764705882355
6748,1,cs,"alexander three finest admirals, nearchos, androsthenes and laomedon, her and after alexander death, his wife roxane and their small son alexander iv were in exile and later murdered.",,"2,3,2,2,3,3,2,2,1,1,2,1,2,1,2,2,1,3",1.9444444444444444
676,1,es,the enzyme chitinase produced in the stomach aid to digest the chitinous cuticle of arthropod dam.,,"4,3,4,2,2,2,3,2,3,3,2,1,4,3,4,1,3.0",2.7058823529411766
692,1,es,"eyes and hair grow quickly, and one language is formed.",,"1,1,1,2,3,2,4,3,2,2,3,1,4,2,4,2,3",2.3529411764705883
6921,1,fr,"in the mid-5th century, the number of adults male citizens may be as high as 60, 000, but the number has decreased peloponnesian precipitously during the war.",,"2,2,3,2,2,3,3,3,2,4,1,1,2,4,4,3",2.5625
7170,1,fr,"the Academy of Sciences was re-established in motion 1816. lazare carnot and gaspard monge were removed from this college for political reasons, and the King appointed cauchy to take the place of one of them.",,"4,3,4,4,1,4,2,2,4,4,2,3,3,3,3,2,3,1,4",2.9473684210526314
7258,0,en,"in the southwest, the zambezi system interlaces with that of the taukhe (or tioghe), from which it at times receives surplus water.",,"4,4,4,4,3,4,3,3,4,3,4,3,4,4,4,4,3",3.6470588235294117
7307,1,de,the bell is located in the south-eastern part of the sun devil stadium in the vicinity of the access of the students.,,"4,3,4,3,3,3,4,3,3,3,4,3,3,4,3,3",3.3125
731,0,en,"the tsimshian people came to alaska from british columbia in 1887, when president grover cleveland, and later the u.s. congress, granted them permission to settle on annette island and found the town of metlakatla.",,"4,3,4,4,4,3,4,4,4,4,3,3,4,4,4,4,3.0",3.7058823529411766
7401,1,es,in 1877 became the first well-known player to use a fielding kid gloves; these were between products sold in its sporting goods.,,"3,2,4,3,2,3,2,3,2,3,2,2,3,4,3,2",2.6875
7481,1,fr,"it is now appreciated that most or all gene loci are highly polymorphic, with many alleles frequencies, which vary from population of the population, and that many of genetic diversity is hidden in the form of alleles which do not produce clear phenotypic differences.",,"4,4,4,3,4,4,4,3,2,4,3,2,3,3,4,4,2",3.3529411764705883
7534,1,de,"there is no proof that bin laden 'al-qaeda' on behalf of a group until after the attacks of 11 september, when he said that the concept of the americans.",,"2,2,1,1,2,1,1,1,1,1,1,2,2,1,1",1.3333333333333333
7536,1,cs,"this is described as a group, and it was therefore easier to prosecute any person associated with al-qaeda for all the acts or statements bin laden.",,"4,4,3,4,3,3,4,2,3,2,2,3,2,4,3,4,2,2,2",2.9473684210526314
7547,1,fr,"in a december 2007 video, al-zawahiri defended the Islamic State iraq, but rejected the attacks against civilians committed by 'hypocrites and traitors existing between the ranks. """,,"4,3,4,4,4,4,3,4,4,3,4,3,4,4,4,4",3.75
7605,1,cs,many of the chinese was so successful traders in small towns that were able to education their children in the college of commissioners.,,"2,2,2,3,3,3,2,2,2,3,2,1,3,2,1,3.0",2.25
7637,1,cs,"democrats are mostly concentrated on central little rock, mississippi delta, pine a sham, and the areas to the south of the border with louisiana.",,"3,4,3,2,4,4,2,4,4,3,4,3,4,3,4,3,3,3",3.3333333333333335
7841,1,es,"more precisely, brightness varies inversely with the place of distance.",,"4,3,4,4,4,3,4,3,4,3,3,4,4,3,3,3",3.5
7892,0,en,"later analysis, using the pictures that they took, determined that they had come within an estimated of the crater's rim.",,"4,3,3,4,3,3,3,3,3,3,4,4,3,3,3,4",3.3125
7908,1,es,"updated backpacks allowed longer-duration moonwalks, and the command module pilot, wearing a suit with three interconnectors, would lead to a five-connector version of the old moon suit — the liquid of cooling water connector be removed, as the command module would be a pilot 'deep-space eva' to restore film cartridges in the flight home.",,"2,3,4,2,3,3,4,2,2,3,1,1,2,2,4,4,1",2.5294117647058822
7954,1,cs,"the war later turned to south america, where british captured army in south carolina, but not enough volunteers from loyal civilians to take effective control.",,"4,4,4,3,3,4,3,3,2,2,2,3,2,2,4,4,4",3.1176470588235294
8044,0,en,sirius lies less than a degree from betelgeuse in the otherwise unmodified orion and is with − 1.2 a little fainter than from earth but still the brightest star in the alpha centauri sky.,,"3,4,4,4,3,3,3,3,4,4,4,3,3,3,3,4,4",3.4705882352941178
8114,1,de,"lamar mirabeau b, second president of the newly formed republic texas, the commissioners to investigate the matter, the waterloo in the world, waterways and pleasant surroundings.",,"2,2,1,1,1,2,2,1,3,1,1,1,1,1,3,2,3,1",1.6111111111111112
8118,1,es,"the growth generated by this expansion in large measure adopted by austin at first, with the city away from the fourth largest to tenth more in texas between 1880 and 1920.",,"3,2,1,1,2,1,2,1,3,3,2,1,1,1,4,4,2,2",2.0
812,1,es,the soil to restore its refitting of nutrients lost over the use of techniques of agriculture of monoculture also takes time.,,"2,3,3,2,2,2,3,3,3,2,3,2,3,3,3",2.6
8197,1,de,"auschwitz was also limits to their destructive options. """,,"3,2,2,2,3,1,1,2,2,3,1",2.0
8203,1,de,"the number of remaining survivors every year, participation in the event is not in future be exceeded important anniversaries.",,"1,2,2,2,2,2,1,2,2,1,1,3,1,2,1,2",1.6875
841,1,cs,three or more resources (groups or variables) for statistical importance.,,"4,3,4,4,3,4,4,4,4,4,3",3.727272727272727
8460,1,cs,"as soon as the loosed couple, ares at a loss, be repatriated, thrace and aphrodite into paphos.",,"1,1,1,1,1,1,1,1,1,1,1,1,1,1,1,1",1.0
8586,1,de,"in addition to these liberals and left-wing efforts, of a small group of the conservative institutions were born in ann arbor.",,"4,3,4,3,2,4,3,4,4,4,3,2,4,4,4,2,3,4,4",3.4210526315789473
8619,0,en,"further, as the current monarch's eldest child and, in turn, his eldest child, are anglican males, any change to the succession laws would have no immediate implications.",,"4,3,3,4,4,3,4,3,3,4,4,4,4,3,4,3",3.5625
8697,1,cs,"the whole of this reading is now questionable, as some have argued that the treaty of lisbon in question may not with king tudiya from assyria, but rather with unnamed king precarious instead of the so-called 'abarsal'.",,"4,2,4,3,3,2,2,3,4,3,4,1,1,2,2,4,3,3,4,1",2.75
8766,1,de,the other major species yam beans are also indigenous in america.,,"4,4,4,3,3,3,4,4,4,3,4,3,4,4,3,4,4",3.6470588235294117
88,1,fr,the figures were reduced even more after decades.,,"4,4,3,4,4,4,4,3,4,3,3,3,4,4,4,4,3,4",3.6666666666666665
8804,0,en,but hector tells her that carlos hired him to help her with grief.,,"4,4,3,4,3,4,4,3,4,4,3,4,4,4,4,4,4,4",3.7777777777777777
8831,0,en,certainly no two results should be compared unless the conditions are known.,,"4,4,4,4,4,4,4,4,4,4,4,4,4,4,4,4,4",4.0
8843,1,es,"without forgetting know if the right people are also in the process of decision-making, and if there is any technology that can improve the decision-making process.",,"1,4,1,2,2,3,3,2,1,2,4,2,2,3,2,3,3,2",2.3333333333333335
8853,0,en,"for example, an organization with collaboration culture can be anarchy.",,"4,4,4,3,4,3,4,4,3,4,4,4",3.75
8936,0,en,it features dwyane wade of the miami heat on the cover.,,"4,4,4,4,4,4,4,4,4,4,4,4,4,4,4,4",4.0
9027,1,cs,in its tower behind the church to the west bank.,,"2,4,3,3,3,2,2,3,2,3,3,2,3,2,4,2,4",2.764705882352941
9039,1,cs,"at that time, the national confidence to only a limited work, the priority of staff homes on the floor, the preservation of this house.",,"2,1,2,2,2,2,3,3,1,1,1,1,1,1,3,1,1",1.6470588235294117
9090,1,fr,it is in this way that activates tumor necrosis factor-alpha.,,"2,3,4,3,3,3,4,3,3,3,2,2,2,4,3,4",3.0
9123,1,fr,"between 1975 and 1989, he has worked as a coach in the United States.",,"3,3,4,4,4,3,3,3,4,4,3",3.4545454545454546
9162,0,en,"he arrives at home farm, while she was looking after scott and zoe's daughter, jean (megan pearson), and they get passionate on the sofa, leaving jean unattended.",,"4,3,3,3,4,3,3,4,4,3",3.4
925,1,es,"the preferred pluralistic 'abacus' is a subject of disagreement, both with 'abacuses' and 'abaci' in use.",,"3,4,4,4,4,3,4,4,4,4,4,4,4,3,4,2,3,4",3.6666666666666665
9489,0,en,original member james ward joined steelheart on the tour supporting the album.,,"3,4,4,4,4,4,4,4,3,4,4,4,4,3,4,4,4,4",3.8333333333333335
9543,0,en,"cloud tops cooled and at midday utc on september 21, nora reached its peak intensity of and 135 mph (210 km / h) winds, a category 4 hurricane.",,"4,3,3,4,2,4,3,4,4,4,4,3,3,4,3,2,3",3.3529411764705883
9551,1,de,"in the southern iberia, different types of wind instruments, including the associated shawm, known as' gaitas', but in the northern iberia 'gaita refers only to dudelsack to play.'",,"4,3,3,2,1,1,3,4,1,2,1,2,1,3,3,4,4,3",2.5
9571,1,fr,"octavian he said that without evidence, its suspicion cannot be justified, if the two evander him kidnap and torture until it reveals the truth: that, after vorenus had been falsely declared dead, evander and niobe has become fans and fathered a son with it, which niobe said vorenus was her grandson (so-called fathered by his daughter of a friend, crito).",,"1,1,1,2,2,1,1,2,1,1,1,1,2,3,1,3.0",1.5
9651,1,de,the association searched upper burma in the early 16th century (1502 – 1527) and a series of war against ava and their allies shan state thibaw (hsipaw).,,"4,3,2,2,2,2,2,3,4,4,1,3,2,3,2,4,1,2,2",2.526315789473684
9708,1,es,"it is the turbulent equivalent of the british ""essex girl 'or' chav 'stereotypes.",,"1,4,4,4,3,4,4,1,4,4,3,2,2,4,3,4,4,4,1",3.1578947368421053
974,1,es,"the third member of the mission, michael collins, adopted the command spacecraft went into orbit lunar until armstrong and aldrin come back to it in a day after the visit to land.",,"4,1,2,3,3,2,4,2,4,1,2,1,3,3,4,2,2",2.5294117647058822
9804,1,cs,"in this and other issues, it is much more practical and ruthless than his a little idealistic ally brutus.",,"3,4,2,2,1,2,2,2,3,3,2,1,1,3,1,2,2,3,4",2.263157894736842
9808,1,es,it has served under the leadership of stephen lewis and mr cassidy.,,"4,4,4,4,3,4,3,4,4,4,4,3,3,4,3,4,3",3.6470588235294117
9876,1,fr,"through these efforts and with the aid of equal opportunities programme (eop) for the disadvantaged minority students, gamboa has been california state university during angeles.",,"1,3,2,1,2,2,1,2,2,1,2,1,2,1,3,3,3,1,2",1.8421052631578947
9923,1,de,if women refuse vorenus says that if they refuse to egyptian soldiers.,,"1,1,1,1,1,1,1,2,1,2,2,1,1,2,2,1,1,1,2",1.3157894736842106
9997,1,cs,"it is, after all, desist from belts for the ben justice and his new partner, murderer brooks.",,"1,1,3,1,1,2,1,2,2,1,2,1,1,1,2,1,3,3,2,1",1.6
